{"1AWt5EawNMMVLv8Kf5EmdYuXSTqsJtZco53uo2kAYmnF5r":[["12D3KooWBkLsNGaD3SpMaRWtAmWVuiZg1afdNSPbtJ8M8r9ArGRT","/dns/bootnode.1.lightclient.goldberg.avail.tools/tcp/37000"]]}{"1AYFMQxLpRxWa19F9VhdmUEp4HdswZR49Qh5PS9BxbENRW":[["12D3KooWBkLsNGaD3SpMaRWtAmWVuiZg1afdNSPbtJ8M8r9ArGRT","/dns/bootnode.1.lightclient.goldberg.avail.tools/tcp/37000"]]}{"1AjNBBczvxhwH7LXtnqv7Zv9PtLG8DxuzeVv44kBbmTvP8":[["12D3KooWBkLsNGaD3SpMaRWtAmWVuiZg1afdNSPbtJ8M8r9ArGRT","/dns/bootnode.1.lightclient.goldberg.avail.tools/tcp/37000"]]}{"1Ao5U63ppFeUXPuPCjBxs1L393tgsuRTY5gvX3GQ3LsaNK":[["12D3KooWBkLsNGaD3SpMaRWtAmWVuiZg1afdNSPbtJ8M8r9ArGRT","/dns/bootnode.1.lightclient.goldberg.avail.tools/tcp/37000"]]}{"1AXEhyiGzirCVgaSTdLz1wUptAHgMed21mFgpA48JTJqtB":[["12D3KooWBkLsNGaD3SpMaRWtAmWVuiZg1afdNSPbtJ8M8r9ArGRT","/dns/bootnode.1.lightclient.goldberg.avail.tools/tcp/37000"]]}{"1AYAM9tvqSRxEbDSjAqzXEFqGCzRwqFovWk4txbkc2ZmXv":[["12D3KooWBkLsNGaD3SpMaRWtAmWVuiZg1afdNSPbtJ8M8r9ArGRT","/dns/bootnode.1.lightclient.goldberg.avail.tools/tcp/37000"]]}{"1AaiLwKkXD2jYEt4ArWt9RiVuxTKtjn3Hg7QtrTVi1o1gS":[["12D3KooWBkLsNGaD3SpMaRWtAmWVuiZg1afdNSPbtJ8M8r9ArGRT","/dns/bootnode.1.lightclient.goldberg.avail.tools/tcp/37000"]]}